{
    "custom_cnn": {
        "model_name": "custom_cnn",
        "model_size_mb": 33.49,
        "train_losses": [
            0.16457080164185423,
            0.08102784799606608,
            0.047457261736395376,
            0.06731955910416934,
            0.053280796708694456
        ],
        "val_accuracies": [
            99.33,
            97.78,
            98.89,
            98.89,
            99.78
        ],
        "epoch_times": [
            190.38924169540405,
            143.13323879241943,
            138.06722283363342,
            134.9270191192627,
            139.08010601997375
        ],
        "test_metrics": {
            "accuracy": 99.78,
            "precision": 99.62,
            "recall": 100.0,
            "f1": 99.81
        },
        "confusion_matrix": [
            [
                189,
                1
            ],
            [
                0,
                260
            ]
        ],
        "avg_inference_time_ms": 9.81,
        "num_epochs": 5
    },
    "alexnet": {
        "model_name": "alexnet",
        "model_size_mb": 217.48,
        "train_losses": [
            0.8580079657470687,
            0.9732156053406514,
            0.6899985711682927,
            0.6918336378805565,
            0.6912973568294988
        ],
        "val_accuracies": [
            96.67,
            54.0,
            46.0,
            54.0,
            54.0
        ],
        "epoch_times": [
            259.00013041496277,
            253.400452375412,
            241.85516691207886,
            253.05866861343384,
            270.4627435207367
        ],
        "test_metrics": {
            "accuracy": 57.78,
            "precision": 57.78,
            "recall": 100.0,
            "f1": 73.24
        },
        "confusion_matrix": [
            [
                0,
                190
            ],
            [
                0,
                260
            ]
        ],
        "avg_inference_time_ms": 8.78,
        "num_epochs": 5
    },
    "resnet18": {
        "model_name": "resnet18",
        "model_size_mb": 42.68,
        "train_losses": [
            0.12371459463567148,
            0.049795363707358556,
            0.024185547652560865,
            0.02266791753936559,
            0.04540881179965447
        ],
        "val_accuracies": [
            99.78,
            99.56,
            99.78,
            100.0,
            100.0
        ],
        "epoch_times": [
            312.7506835460663,
            320.9976005554199,
            317.6332025527954,
            323.84096932411194,
            321.9025866985321
        ],
        "test_metrics": {
            "accuracy": 99.78,
            "precision": 99.62,
            "recall": 100.0,
            "f1": 99.81
        },
        "confusion_matrix": [
            [
                189,
                1
            ],
            [
                0,
                260
            ]
        ],
        "avg_inference_time_ms": 18.25,
        "num_epochs": 5
    },
    "squeezenet": {
        "model_name": "squeezenet",
        "model_size_mb": 2.81,
        "train_losses": [
            0.2514856134260878,
            0.07718009901046488,
            0.06121897947432996,
            0.06327774877448092,
            0.054840929355012835
        ],
        "val_accuracies": [
            96.22,
            98.44,
            91.33,
            46.0,
            98.22
        ],
        "epoch_times": [
            217.73959469795227,
            195.65923237800598,
            102.72966861724854,
            57.260034799575806,
            56.36968016624451
        ],
        "test_metrics": {
            "accuracy": 99.11,
            "precision": 99.61,
            "recall": 98.85,
            "f1": 99.23
        },
        "confusion_matrix": [
            [
                189,
                1
            ],
            [
                3,
                257
            ]
        ],
        "avg_inference_time_ms": 5.01,
        "num_epochs": 5
    },
    "mobilenet_v2": {
        "model_name": "mobilenet_v2",
        "model_size_mb": 8.62,
        "train_losses": [
            0.1279192573565524,
            0.07829997923589403,
            0.049291895516834106,
            0.020083127092000337,
            0.023334017797782453
        ],
        "val_accuracies": [
            98.0,
            100.0,
            100.0,
            100.0,
            100.0
        ],
        "epoch_times": [
            78.06643652915955,
            73.92257356643677,
            71.52943754196167,
            71.41079688072205,
            72.35894203186035
        ],
        "test_metrics": {
            "accuracy": 99.78,
            "precision": 99.62,
            "recall": 100.0,
            "f1": 99.81
        },
        "confusion_matrix": [
            [
                189,
                1
            ],
            [
                0,
                260
            ]
        ],
        "avg_inference_time_ms": 4.44,
        "num_epochs": 5
    }
}